Patent ID,Generated Question
EP1122334A2,<IMG> Is this molecule shown here considered a core structure?
EP1560542A2,<IMG> Does this molecule serve as a foundational core in the structure?
EP1560543B1,<IMG> Does this molecular image depict a core structure?
EP1566178A1,<IMG> Is this molecule considered a core structure in medicinal chemistry?
EP1566189A2,<IMG> Is this structure a core framework of the molecule?
EP1852108A2,<IMG> Is the molecule shown here a core structure?
EP1875901A2,<IMG> Is this molecule a core structure in medicinal chemistry?
EP1893456A1,<IMG> Does this molecule represent a core framework?
EP1980234A1,<IMG> Does this molecule represent a core structure in the given image?
EP1980246A2,<IMG> Does this molecular image depict a core structure?
EP1980251A2,Does the molecule shown in <IMG> represent a core structure?
EP1980256A2,<IMG> Does this structure represent a core scaffold in drug design?
EP1980256B1,<IMG> Does this molecule represent a core structure in its class?
EP1980265A1,<IMG> Does this molecular image depict a core structure?
EP1982732A1,<IMG> Does this molecule represent a core framework?
EP1984321A1,<IMG> Does this molecular image depict a core structure?
EP1984382A2,<IMG> Does this molecule represent a fundamental core structure?
EP1985256A1,<IMG> Is this molecule a core structure in medicinal chemistry?
EP1985263A1,<IMG> Is this molecule considered a core structure?
EP1985276A2,<IMG> Does this molecule have a core-like structure?
EP1985278A2,<IMG> Is this molecule considered a core scaffold in drug design?
EP1985281A2,<IMG> Does this molecule represent a core framework?
EP1985289A2,<IMG> Is the molecule shown here considered a core structure?
EP1987654A1,<IMG> Does this molecule have the characteristics of a core structure?
EP1987654A2,Does the structure shown in <IMG> represent a core framework?
EP1987654B1,<IMG> Is this molecule considered a core scaffold?
EP1987856A2,<IMG> Does this molecular image depict a core structure?
EP1987890A2,<IMG> Does this molecule represent a core structure in the given image?
EP1988834A2,<IMG> Does the molecule shown here serve as a core framework?
EP1988843A2,<IMG> Does this molecular image depict a core structure?
EP2345678A1,<IMG> Does this molecule have a core-like structure?
EP2345678A2,<IMG> Is this molecule considered a core structure?
EP2452696A1,<IMG> Is this molecular structure a core framework?
EP2452698A1,<IMG> Is this molecule a core structure?
EP2457581A1,<IMG> Does this molecular image depict a core structure?
EP2457588A1,<IMG> Does this molecule represent a core structure?
EP2457589A1,<IMG> Does this molecule represent a fundamental core structure?
EP2457593A1,<IMG> Does this molecule represent a core structure when analyzed?
EP2457890A1,<IMG> Does this molecule have a core-like structural framework?
EP2465870A1,<IMG> Does the pictured molecule qualify as a core structure?
EP2465876A1,<IMG> Does this molecule serve as a core framework in the structure?
EP2468109B1,Does the molecule shown in <IMG> qualify as a core structure?
EP2481406A1,<IMG> Does this molecular structure represent a core scaffold?
EP2486942A1,<IMG> Does this molecule represent a core structural motif?
EP2501234A1,<IMG> Does this molecule exhibit the characteristics of a core structure?
EP2501283A2,<IMG> Is this compound a core structure in medicinal chemistry?
EP2501298B1,<IMG> Is this molecule shown a core structure?
EP2502636A1,<IMG> Does this structure represent a core molecular scaffold?
EP2504021A2,<IMG> Does this molecule have a core structure?
EP2504031A1,<IMG> Is this molecule considered a core structure?
EP2504033A1,<IMG> Does this molecule represent a core structure?
EP2505201A1,<IMG> Is this molecule considered a core scaffold in drug design?
EP2505201A2,<IMG> Is this molecule a core structure in medicinal chemistry?
EP2506921A1,<IMG> Does this molecule serve as a core framework?
EP2506924A1,<IMG> Is this molecule considered a core structure in medicinal chemistry?
EP2506938A2,<IMG> Does this molecule represent a fundamental core structure?
EP2509601A1,<IMG> Is this molecule considered a core structure?
EP2509601A2,<IMG> Does this molecular image depict a core scaffold?
EP2509608B1,<IMG> Does this molecular image show a core structure?
EP2509611A2,<IMG> Is this molecule considered a core structure?
EP2509613A2,<IMG> Is the molecule shown here considered a core structure?
EP2509616A1,<IMG> Does this molecular image show a core structure?
EP2509616A2,<IMG> Is this molecule considered a core scaffold in medicinal chemistry?
EP2509616B1,<IMG> Is this molecule shown a fundamental core structure?
EP2509617A2,<IMG> Is this structure considered a core scaffold?
EP2509618A2,<IMG> Is the molecule shown here considered a core structure?
EP2509618B1,<IMG> Is this molecule considered a core structure?
EP2561864A1,<IMG> Does this molecule represent a core scaffold?
EP2561865A2,<IMG> Is this molecule considered a core structure?
EP2561869A1,<IMG> Is this molecule considered a core structure?
EP2567689A1,<IMG> Does this molecule represent a core framework?
EP2567690A1,<IMG> Is this compound a core structure?
EP2567696A1,<IMG> Does this molecule represent a core structure?
EP2586453A1,<IMG> Does this molecule represent a core structure in medicinal chemistry?
EP2586457A1,<IMG> Does this molecule shown in the image qualify as a core structure?
EP2596769A1,<IMG> Does this molecule have the characteristics of a core structure?
EP2617448A1,<IMG> Does this molecule represent a core structural component?
EP2654321A1,<IMG> Does this molecule represent a core structure?
EP2703001A1,<IMG> Does this molecular image show a core structure?
EP2711012A1,<IMG> Does this molecule have a core-like structure?
EP2711013A1,<IMG> Is this molecule shown a core structure?
EP2711018A1,<IMG> Is this molecule a core structure based on its image?
EP2711416A1,<IMG> Is the molecule shown here considered a core structure?
EP2711423A1,<IMG> Does this molecule represent a core scaffold?
EP2712923A1,<IMG> Examine this molecule and determine whether it represents a core structure.
EP2712948A1,<IMG> Is this molecule shown in the image considered a core structure?
EP2716301A1,<IMG> Does this molecule represent a core scaffold structure?
EP2716345A1,<IMG> Does this molecular structure represent a core scaffold?
EP2719391A1,<IMG> Is this molecule considered a core structure?
EP2719392A1,<IMG> Is this molecule considered a core structure?
EP2719396A1,<IMG> Is this structure considered a core framework?
EP2719398A1,<IMG> Does this molecule have the characteristics of a core structure?
EP2719402A1,<IMG> Is this molecule shown a core structure?
EP2719409A1,<IMG> Does this molecule serve as a core framework in drug design?
EP2753368B1,<IMG> Is this compound a core structure?
EP2753371A1,<IMG> Is this molecule a core structure in the given context?
EP2753394A1,<IMG> Does this molecule represent a core scaffold?
EP2754654A1,<IMG> Does this molecule have the characteristics of a core structure?
EP2754656A1,<IMG> Is this structure considered a core framework?
EP2754658A1,<IMG> Does this molecule have a core-like structure?
EP2756821A1,<IMG> Is this molecule shown a core structure?
EP2756823A1,<IMG> Is this structure considered a core framework?
EP2756824A1,<IMG> Does this molecule represent a core scaffold structure?
EP2761234A1,<IMG> Does this molecule represent a core structure?
EP2764862A1,<IMG> Is this structure a core framework?
EP2764873A1,<IMG> Does this molecule serve as a core framework in the structure?
EP2764876A1,<IMG> Does this image show a core molecular framework?
EP2767261A1,<IMG> Does this molecule represent a core structural motif?
EP2769683A1,<IMG> Does this molecule represent a core scaffold?
EP2769702A1,<IMG> Is this compound a core structure in drug design?
EP2769723A1,<IMG> Does this molecule represent a fundamental core structure?
EP2769729A1,<IMG> Is this molecule considered a core structure?
EP2769876A1,<IMG> Does the molecule shown here serve as a core framework?
EP2781234A1,<IMG> Is this compound a core structure?
EP2786765A2,<IMG> Does this molecule represent a core scaffold?
EP2786789A1,<IMG> Does this molecule represent a fundamental core framework?
EP2800583A2,<IMG> Does this molecule serve as a core framework in the structure?
EP2800585A1,<IMG> Does this structure represent a molecular core scaffold?
EP2801335A2,Does the molecule shown in <IMG> represent a core structural motif?
EP2801345A1,<IMG> Is this structure a core framework in medicinal chemistry?
EP2801345A2,<IMG> Does this molecule represent a core framework?
EP2801357A1,<IMG> Does this molecular image represent a core scaffold?
EP2801367A1,<IMG> Does this molecule represent a core structure?
EP2801369A1,<IMG> Does this molecule contain a core framework?
EP2803345B1,<IMG> Does this molecule represent a fundamental core structure?
EP2803356A1,<IMG> Does this molecule represent a core structure when analyzed?
EP2803672A1,<IMG> Does this molecular image represent a core structure?
EP2803678A1,<IMG> Is this molecule shown here a core structure?
EP2805678A1,<IMG> Does this molecule have a core-like structure?
EP2805745A1,<IMG> Is this structure considered a core framework?
EP2805749A1,<IMG> Does this molecule have a core-like structure?
EP2815765A2,<IMG> Does this structure represent a molecular core?
EP2818145A1,<IMG> Is this molecule considered a core structure in medicinal chemistry?
EP2818155A1,<IMG> Does this molecular structure qualify as a core scaffold?
EP2818159A1,<IMG> Does this molecule represent a fundamental core structure?
EP2853256A1,<IMG> Examine this molecule and determine whether it represents a core structure.
EP2857064A1,<IMG> Is this structure considered a core framework in medicinal chemistry?
EP2862534A1,<IMG> Is this molecule shown a core structure?
EP2865400A1,<IMG> Does this molecule represent a core scaffold?
EP2865400A2,<IMG> Is this molecule considered a core structure?
EP2865401A1,<IMG> Does this molecular structure represent a core framework?
EP2865403A1,<IMG> Is this molecule shown a core framework?
EP2868301A1,<IMG> Does this molecule have the characteristics of a core structure?
EP2868335A1,<IMG> Does this molecule represent a core framework?
EP2870953A1,<IMG> Does this molecule have a core-like structure?
EP2870973A1,<IMG> Is this molecule considered a core structure?
EP2872456A1,<IMG> Is this molecule shown here considered a core structure?
EP2873385A1,<IMG> Does this molecule serve as a core framework in the image?
EP2873402A1,<IMG> Does the molecule shown here serve as a foundational core structure?
EP2873421A1,<IMG> Does this molecule represent a core structure?
EP2873425A1,<IMG> Does this molecule represent a fundamental core structure?
EP2873425B1,<IMG> Is this molecule a core structure?
EP2873426A1,<IMG> Does this structure represent a core scaffold?
EP2874612A1,<IMG> Does this image show a core molecular framework?
EP2890412A1,<IMG> Does this molecule exhibit a core structure in its arrangement?
EP2891234A2,<IMG> Is this molecule considered a core structure?
EP2891234B1,<IMG> Is this compound a core structural framework?
EP2892436A1,<IMG> Does this molecule serve as a core framework in drug design?
EP2892456A1,<IMG> Does this molecule represent a core framework?
EP2893942A1,<IMG> Does this molecule represent a core framework?
EP2893951A1,<IMG> Does this molecule's architecture resemble a core structure?
EP2893956A1,<IMG> Does this molecule represent a fundamental core structure?
EP2895191A1,<IMG> Does this molecule qualify as a core structure?
EP2895213A1,<IMG> Examine this molecule and determine whether it qualifies as a core structure.
EP2895214A1,<IMG> Is this molecule considered a core structure?
EP2895219A1,<IMG> Is this molecule a core structure in the given image?
EP2895223A1,<IMG> Does this molecule represent a core scaffold?
EP2895678A1,<IMG> Is this molecule considered a core structure in medicinal chemistry?
EP2895678A2,<IMG> Does this molecule have a core-like structural framework?
EP2896387A1,<IMG> Is this molecule shown here considered a core structure?
EP2896401A1,<IMG> Does this molecule represent a fundamental core structure?
EP2896402A1,<IMG> Does this molecule represent a core structural motif?
EP2896405A1,<IMG> Does this molecule represent a core structure?
EP2896406A1,<IMG> Does this molecule have the characteristics of a core structure?
EP2896406B1,<IMG> Is the molecule shown in this image a core structure?
EP2896407B1,<IMG> Is this molecule considered a core structure?
EP2896408A1,<IMG> Does this molecular image depict a core structure?
EP2896409A1,<IMG> Does this molecule serve as a core framework?
EP2896687A1,<IMG> Does this molecule serve as a core framework in its structure?
EP2896690A1,<IMG> Does this molecule exhibit a core-like structure?
EP2896696A1,<IMG> Does this molecule represent a core structure in chemical terms?
EP2898912A1,<IMG> Is this molecule considered a core structure?
EP2898932A1,<IMG> Does this molecular image depict a core structure?
EP2898932B1,<IMG> Does this molecular image represent a core scaffold?
EP2898956A1,<IMG> Is this molecule considered a core structure?
EP2899232A1,<IMG> Is this molecule considered a core structure?
EP2900689A2,<IMG> Is the molecule shown here considered a core structure?
EP2902001A1,<IMG> Does this molecule represent a core structure?
EP2907486A1,<IMG> Is this molecule considered a core structure in drug design?
EP2911693A1,<IMG> Does this molecule represent a fundamental core framework?
EP2918288A1,<IMG> Does this molecule represent a core framework?
EP2943167A1,<IMG> Does this molecule represent a core scaffold?
EP2946776A1,<IMG> Does this molecule represent a core structure?
EP2947100A1,<IMG> Does this molecule represent a core framework?
EP2959876A1,<IMG> Does this molecule represent a core scaffold in drug design?
EP2959887B1,<IMG> Is this molecule considered a core structure?
EP2981274B1,<IMG> Does this molecule represent a core structure?
EP2982345A1,<IMG> Does this molecule represent a core structure?
EP2985012A1,<IMG> Does this molecule have the characteristics of a core structure?
EP2986789A1,<IMG> Is this molecule shown here a core structure?
EP2987453A1,<IMG> Does this molecular image depict a core structure?
EP2987456A1,<IMG> Is this molecule a core structure?
EP2987456B1,<IMG> Does this molecular structure represent a core scaffold?
EP2987461A1,<IMG> Does this molecule represent a core framework?
EP2987463A1,<IMG> Does this molecular image represent a core structure?
EP2987654B1,<IMG> Is this molecule shown here considered a core scaffold?
EP2987821A1,<IMG> Is this molecule a core structure in drug design?
EP3001234A2,<IMG> Is this structure considered a core framework?
EP3012345A1,<IMG> Does this molecule represent a core framework?
EP3012345B1,<IMG> Does this molecule have the characteristics of a core structure?
EP3015523A1,<IMG> Is this molecule shown a fundamental core structure in medicinal chemistry?
EP3053601B1,<IMG> Is this molecule considered a core scaffold in medicinal chemistry?
EP3058952A1,<IMG> Does this molecule exhibit the characteristics of a core structure?
EP3058956A1,<IMG> Does this molecule serve as a core framework in the structure?
EP3059245A1,<IMG> Does this molecular structure serve as a fundamental core framework?
EP3072543A1,<IMG> Does this molecule represent a core framework?
EP3073994A1,<IMG> Does this molecular image depict a core structure?
EP3102245A1,Does the molecule shown in <IMG> represent a core structure?
EP3103450A1,<IMG> Does this molecule represent a core structural framework?
EP3103455A1,<IMG> Examine this compound's structure and determine if it qualifies as a core framework.
EP3103456A1,Does the molecule shown in <IMG> represent a core structure?
EP3103460A1,<IMG> Does this molecule have the characteristics of a core structure?
EP3103466A1,<IMG> Is this structure a core framework commonly used in drug design?
EP3103473A1,<IMG> Is this compound a core structure?
EP3103475A1,<IMG> Does this molecule qualify as a core structure due to its architecture?
EP3103476A1,<IMG> Does this molecule exhibit the characteristics of a core structure?
EP3103482A1,<IMG> Does this molecule qualify as a core structure?
EP3103812A1,<IMG> Is this molecule considered a core structure in medicinal chemistry?
EP3108824A1,<IMG> Does this molecule serve as a core framework in its structure?
EP3108828A1,<IMG> Is this molecule considered a core structure?
EP3108892A1,<IMG> Is this molecular structure representative of a core framework in medicinal chemistry?
EP3108901A1,<IMG> Does this molecule have the characteristics of a core structure?
EP3108906A1,<IMG> Does this molecule have a core-like structure?
EP3108907A1,<IMG> Does this molecule represent a core framework?
EP3115002A1,<IMG> Does this molecule qualify as a core structure?
EP3120867A1,<IMG> Does this molecule represent a core structure based on its image?
EP3123456A1,<IMG> Does this molecular structure represent a core pharmacophore?
EP3124536A1,<IMG> Is this molecule considered a core structure?
EP3124545A1,<IMG> Does this molecule represent a core framework?
EP3124557A1,<IMG> Does this molecule represent a core framework?
EP3124567A1,<IMG> Is this molecular structure a core framework?
EP3127890A1,<IMG> Does this molecule represent a core framework?
EP3127891A1,<IMG> Examine this molecule and determine whether it qualifies as a core structure.
EP3129876B1,<IMG> Does this molecule represent a fundamental core framework?
EP3153524A1,<IMG> Is the molecule shown in this image a core structure?
EP3178854A1,<IMG> Does this molecule represent a core scaffold structure?
EP3178865A1,<IMG> Is the molecule shown here considered a core structure?
EP3181155A1,<IMG> Does this molecular image show a core structure?
EP3184541A1,<IMG> Is this structure considered a core framework?
EP3200766A1,<IMG> Does this molecule qualify as a core structure?
EP3202345A1,<IMG> Is this structure considered a core framework?
EP3202393A1,<IMG> Does this molecular image represent a core scaffold?
EP3202400A1,<IMG> Is this structure a core framework in the molecule?
EP3202401A1,<IMG> Is this molecule considered a core structure in medicinal chemistry?
EP3202404A1,<IMG> Does this molecule represent a core structure?
EP3202779A1,<IMG> Does this molecule represent a fundamental core structure?
EP3204392A1,<IMG> Is this molecule a core structure?
EP3204410A1,<IMG> Is this molecule considered a core structure?
EP3205334A1,<IMG> Does this molecule represent a core structural motif?
EP3205338A1,<IMG> Is this structure considered a core framework?
EP3206615A1,<IMG> Is this molecule considered a core structure?
EP3206624A1,<IMG> Does this molecule have a core-like structure?
EP3207923A1,<IMG> Is the molecule shown here considered a core structure?
EP3207924A1,<IMG> Is this molecule considered a core structure?
EP3207943A1,<IMG> Does this molecule's framework resemble a core structure?
EP3207945A1,<IMG> Is this structure a core framework in the molecule?
EP3207946A1,<IMG> Does this molecule qualify as a core structure?
EP3209681A1,<IMG> Does this structure represent a core scaffold in drug design?
EP3209686A1,<IMG> Does this molecule qualify as a core scaffold?
EP3209687A1,<IMG> Does the structure shown here serve as a core framework?
EP3213746A1,<IMG> Is this molecule considered a core structure?
EP3216543A1,<IMG> Does this molecule have a core-like structure?
EP3219321A1,<IMG> Is the molecule shown here considered a core structure?
EP3219323A1,<IMG> Does this molecule represent a core structure?
EP3219324A1,<IMG> Does this molecule qualify as a core structural framework?
EP3219338A1,<IMG> Is this molecule considered a core structure?
EP3241836A1,<IMG> Does this molecule represent a core structure?
EP3241842A1,<IMG> Does this molecule serve as a core framework in drug design?
EP3241858A1,<IMG> Does this molecule represent a fundamental core structure?
EP3251643A1,<IMG> Is this molecule considered a core structure?
EP3251647A1,<IMG> Does this molecular image depict a core scaffold?
EP3251668A1,<IMG> Is this molecule considered a core structure?
EP3251683A1,<IMG> Does this molecule represent a core framework?
EP3251691A1,<IMG> Is this structure a core framework in the molecule?
EP3251692A1,<IMG> Does this structure serve as a core framework for larger molecules?
EP3251698A1,<IMG> Is this molecule a core structure in medicinal chemistry?
EP3252079A1,<IMG> Is this molecule considered a core structure?
EP3252121A1,<IMG> Is this structure considered a molecular core?
EP3252123A1,<IMG> Does this molecular structure represent a core pharmacophore?
EP3252145A1,<IMG> Does this molecule represent a core structural motif?
EP3254643A1,Does the molecule shown in <IMG> represent a core structure?
EP3254651A1,<IMG> Does this molecule represent a core framework?
EP3254657A1,<IMG> Does this molecule represent a core structure?
EP3254661A1,<IMG> Is this molecule shown in the image a core structure?
EP3254667A1,<IMG> Is this molecule shown a core structure?
EP3254678B1,<IMG> Is this molecule a core structure in the depicted image?
EP3255066A1,<IMG> Does this structure represent a core framework?
EP3257896A1,<IMG> Does this molecule represent a core framework?
EP3287092A1,<IMG> Does this molecular image show a core structure?
EP3287108A1,<IMG> Does this molecule represent a core framework?
EP3287109A1,<IMG> Does this molecule have a core-like structure?
EP3287114A1,<IMG> Is this structure a molecular core framework?
EP3287121A1,<IMG> Does this molecule have a core structure?
EP3287123A1,<IMG> Does this molecule serve as a core framework in the structure?
EP3287124A1,<IMG> Is this structure considered a core framework in medicinal chemistry?
EP3290456A1,<IMG> Does this molecule contain a core framework?
EP3303372A1,<IMG> Does this molecule qualify as a core structure?
EP3305308A1,<IMG> Does this molecule have the characteristics of a core structure?
EP3305312A1,<IMG> Is this molecule shown here a core structure?
EP3307371A1,<IMG> Does this molecule represent a core structure based on its image?
EP3308809A1,<IMG> Does this molecule have a core-like structure?
EP3308823A1,<IMG> Is this molecule considered a core structure?
EP3309171A1,<IMG> Does this molecule have a core-like framework?
EP3311831A1,<IMG> Does this molecule represent a core structure?
EP3311836A1,<IMG> Does this molecular image show a core structure?
EP3315491A1,<IMG> Does this molecule represent a core scaffold in drug design?
EP3316821A1,<IMG> Is this structure considered a core framework in medicinal chemistry?
EP3317275A1,<IMG> Is the molecule shown here considered a core structure?
EP3318261A1,<IMG> Does this molecule represent a core structure?
EP3323421A1,<IMG> Is this molecule considered a core structure?
EP3326612A1,<IMG> Is the molecule shown here considered a core structure?
EP3331567A1,<IMG> Does this molecule have a core-like structure?
EP3335678A1,<IMG> Does this molecule have a core-like structure?
EP3339321A1,<IMG> Does this molecular image depict a core structure?
EP3339322A1,<IMG> Is this molecular structure considered a core framework?
EP3339325A1,<IMG> Does this molecular image depict a core structure?
EP3339332A1,<IMG> Does this molecule represent a core structure?
EP3342400A1,<IMG> Is this compound a core structure?
EP3342431A1,<IMG> Is this molecule representative of a core scaffold in drug design?
EP3345567A1,<IMG> Does this structure represent a core molecular scaffold?
EP3345578A1,<IMG> Does this molecule represent a core scaffold?
EP3345599A1,<IMG> Does this molecular image show a core structure?
EP3345612A1,<IMG> Does this molecule qualify as a core structure?
EP3345678B1,<IMG> Is this molecule shown in the image considered a core structure?
EP3349761A1,<IMG> Is the molecule shown here considered a core structure?
EP3351193A1,<IMG> Does this molecule represent a core structure in the given context?
EP3351226A1,<IMG> Is this structure a core framework in the molecule?
EP3366312A1,<IMG> Does this molecule represent a core framework?
EP3366324A1,<IMG> Does this molecule serve as a core framework in drug design?
EP3391873A1,<IMG> Is this molecule a core structure in drug design?
EP3401234A1,<IMG> Does this structure represent a core scaffold in drug design?
EP3403624A1,<IMG> Does this molecule represent a core structure in the given image?
EP3406234A1,<IMG> Does the molecule shown here serve as a foundational core structure?
EP3406623A1,<IMG> Does this molecule exhibit characteristics of a core structure?
EP3406624A1,<IMG> Does this molecule have the characteristics of a core structure?
EP3406628A1,<IMG> Does this structure represent a core molecular framework?
EP3409663A1,<IMG> Does this molecule have the characteristics of a core structure?
EP3409664A1,<IMG> Does this molecular image represent a core scaffold?
EP3411410A1,<IMG> Does this molecule have the characteristics of a core structure?
EP3411423A1,<IMG> Does this molecular image show a core structure?
EP3412283A1,<IMG> Does this molecule represent a core framework?
EP3412284A1,<IMG> Does this molecule exhibit a core structure in its arrangement?
EP3412285A1,<IMG> Does the molecule shown here serve as a core framework?
EP3412287A1,<IMG> Does this molecule represent a core structure?
EP3418304A1,Does the molecule shown in <IMG> represent a core structure?
EP3424532A1,<IMG> Is this molecule considered a core structure?
EP3424536A1,<IMG> Does this molecule qualify as a core structure?
EP3456312A1,<IMG> Is the compound shown here considered a core structure?
EP3456789A1,<IMG> Does this molecule have the characteristics of a core structure?
EP3456789A2,<IMG> Does this molecular image depict a core structure?
EP3501534A1,<IMG> Is the molecule shown here a core structure?
EP3501536A1,<IMG> Is this molecule considered a core structure?
EP3501543A1,<IMG> Is this molecule considered a core structure?
EP3501546A1,<IMG> Is the molecule shown here considered a core structure?
EP3501556A1,<IMG> Does this molecule exhibit the characteristics of a core structure?
EP3503881A1,<IMG> Is the molecule shown a core structure?
EP3513791A1,<IMG> Does this molecule have the characteristics of a core structure?
EP3513794A1,<IMG> Does this molecular image show a core structure?
EP3517493A1,<IMG> Is the molecule shown here a core structure?
EP3524201A1,<IMG> Does this molecule have the characteristics of a core structure?
EP3528831A1,<IMG> Does this molecule serve as a core framework in the image?
EP3528835A1,<IMG> Does this molecule represent a core framework?
EP3560503A1,<IMG> Does this molecule represent a core framework?
EP3560504A1,<IMG> Does this molecule represent a core structural motif?
EP3569204A1,<IMG> Is this compound a core structure?
EP3601234A1,<IMG> Does this molecule have a core-like structure?
EP3673869A1,Does the molecule shown in <IMG> qualify as a core structure?
EP3675869A1,<IMG> Is this molecule considered a core structure?
EP3713661A1,<IMG> Is this structure a core framework of a larger compound?
EP3718567A1,<IMG> Does this molecule have a core-like structure?
EP3725318A1,<IMG> Examine this molecule and determine whether it represents a core structure.
EP4567890A1,<IMG> Does this molecule represent a core structure when examined visually?
EP4567890A2,<IMG> Does this molecule have a core-like structure?
EP4567890B1,<IMG> Is this molecular structure considered a core framework?
EP5566778B1,<IMG> Does this molecule have a core-like structure?
EP5678901A1,<IMG> Is this molecule considered a core structure?
EP6789012A1,<IMG> Is this molecule considered a core structure?
US10251899B2,<IMG> Does this molecule represent a core framework?
US10512645B2,<IMG> Is this compound a core structure in medicinal chemistry?
US20100015235A1,<IMG> Is this molecule considered a core structure?
US20130267547A1,<IMG> Could this molecule be considered a core structure?
US20140018491A1,<IMG> Does the molecule shown here serve as a core framework?
US20140045849A1,<IMG> Does this molecular structure represent a core pharmacophore motif?
US20140045876A1,<IMG> Does this molecule serve as a core framework in drug design?
US20140045888A1,<IMG> Does this molecular image depict a core scaffold?
US20140057960A1,<IMG> Is this compound a core structure?
US20140073657A1,<IMG> Is the molecule shown in this image a core structure?
US20140088085A1,<IMG> Is this molecule depicted a fundamental core structure?
US20140088090A1,<IMG> Does this molecule have a core-like structure?
US20140107102A1,<IMG> Is this molecule shown here a fundamental core structure?
US20140107162A1,<IMG> Examine this molecule and determine whether it represents a core structure.
US20140123456A1,<IMG> Does this molecule represent a core structure?
US20140296183A1,<IMG> Does this molecular structure represent a core framework?
US20140378489A1,<IMG> Is this compound a core framework?
US20150005362A1,<IMG> Is this molecule considered a core structure in medicinal chemistry?
US20150012345A1,Does the molecule shown in <IMG> represent a core structure?
US20150017252A1,<IMG> Does this structure represent a core molecular framework?
US20150017294A1,<IMG> Is this molecule considered a core structure?
US20150030678A1,<IMG> Is this molecule shown a core structure?
US20150031700A1,<IMG> Does this molecule represent a core framework?
US20150031710A1,<IMG> Does this molecule represent a core structure based on its image?
US20150031716A1,<IMG> Does this molecule exhibit the characteristics of a core structure?
US20150031723A1,<IMG> Does this image show a core molecular framework?
US20150031724A1,<IMG> Is this molecule shown a core structure?
US20150031732A1,<IMG> Is this molecular structure considered a core framework?
US20150031745A1,<IMG> Is this molecule considered a core scaffold?
US20150031763A1,<IMG> Does this molecule have the characteristics of a core structure?
US20150031770A1,<IMG> Does this molecule represent a core structure in the image?
US20150031789A1,<IMG> Is this molecule shown here a core structure?
US20150031794A1,<IMG> Does this molecular structure represent a core scaffold?
US20150037323A1,<IMG> Does this molecular image show a core structure?
US20150037345A1,<IMG> Does this molecular image depict a core structure?
US20150037394A1,<IMG> Does this molecule have the characteristics of a core structure?
US20150105321A1,<IMG> Is this compound a core structural motif?
US20150105465A1,<IMG> Does this molecule represent a core framework?
US20150209123A1,<IMG> Does this molecular image represent a core scaffold?
US20150232563A1,<IMG> Does this molecule serve as a core framework in the structure?
US20150232576A1,<IMG> Is this molecule shown a core structure?
US20150232598A1,<IMG> Does this molecule have a core-like structure?
US20150258133A1,<IMG> Does this molecule represent a core structure in the given image?
US20150258146A1,Does the molecule shown in <IMG> qualify as a core structure?
US20150283299A1,<IMG> Is the molecule shown here considered a core structure?
US20150306121A1,<IMG> Is this structure considered a core framework?
US20150328253A1,<IMG> Does this molecule exhibit a core structure based on its molecular framework?
US20150345678A1,<IMG> Does this molecule serve as a core framework in its structure?
US20150366802A1,<IMG> Does this molecule represent a core structural framework?
US20150366803A1,<IMG> Does this molecular structure qualify as a core pharmacophore?
US20150366806A1,<IMG> Is this molecule shown a core structure?
US20150366809A1,<IMG> Does this molecule qualify as a core structure due to its molecular framework?
US20150366817A1,<IMG> Is the molecule shown here considered a core structure?
US20150366823A1,<IMG> Does this molecular image show a core structure?
US20150366845A1,<IMG> Does this molecule serve as a core framework?
US20150366889A1,<IMG> Does this molecular image depict a core framework?
US20150366890A1,<IMG> Is the molecule shown in this image considered a core structure?
US20150366898A1,<IMG> Does this molecule represent a core structure?
US20150366899A1,<IMG> Does this molecule represent a core framework in the image?
US20150367890A1,<IMG> Is this molecule considered a core structure?
US20150376115A1,<IMG> Is the molecule shown here considered a core structure?
US20150376269A1,<IMG> Is the molecule shown here considered a core structure?
US20160002123A1,<IMG> Examine this molecule and determine whether it represents a core structure.
US20160002206A1,<IMG> Does this molecule represent a fundamental core structure?
US20160008339A1,<IMG> Does this molecule have a core-like structure?
US20160008345A1,<IMG> Does this molecule represent a fundamental building block or core structure?
US20160008456A1,<IMG> Is this molecule a core structure in the given context?
US20160015812A1,<IMG> Does this molecule represent a fundamental core framework?
US20160015818A1,<IMG> Does this molecule serve as a core framework?
US20160015852A1,<IMG> Does this molecule exhibit characteristics of a core structure?
US20160015872A1,<IMG> Is this molecule shown a core structure?
US20160022678A1,<IMG> Is this molecule considered a core structure?
US20160022690A1,<IMG> Does this molecule have a core-like structure?
US20160030678A1,<IMG> Is this molecule shown a core structure?
US20160051505A1,<IMG> Does this molecular image depict a core scaffold?
US20160051522A1,<IMG> Is this structure a core framework of the compound?
US20160051530A1,<IMG> Is this molecule considered a core structure in its class?
US20160051542A1,<IMG> Does this molecule have the characteristics of a core structure?
US20160051560A1,<IMG> Is this molecular structure a core framework?
US20160051567A1,<IMG> Is this structure a core framework of a larger compound?
US20160051573A1,<IMG> Does this molecule qualify as a core structure based on its image?
US20160051576A1,<IMG> Does this molecular image depict a core scaffold?
US20160058789A1,<IMG> Is this molecule considered a core structure in medicinal chemistry?
US20160122345A1,<IMG> Does this molecule represent a core structure?
US20160123456A1,<IMG> Is this molecule representative of a core structural framework?
US20160137605A1,<IMG> Is this compound a core structure?
US20160143821A1,<IMG> Is the molecule shown here considered a core structure?
US20160143906A1,<IMG> Does this molecule have a core-like structural framework?
US20160143982A1,<IMG> Is this structure considered a core framework in medicinal chemistry?
US20160143983A1,<IMG> Is this molecule depicted here considered a core structure?
US20160143999A1,<IMG> Does this molecular image show a core structure?
US20160151269A1,<IMG> Does this molecular image represent a core scaffold?
US20160158901A1,<IMG> Examine this molecule and determine whether it represents a core structure.
US20160159832A1,<IMG> Is this molecule considered a core structure?
US20160166632A1,<IMG> Does this molecular structure represent a core scaffold?
US20160166655A1,<IMG> Is this molecular structure a core framework?
US20160175423A1,<IMG> Does this image show a core structural motif?
US20160175432A1,<IMG> Does this molecule serve as a core framework?
US20160175457A1,<IMG> Is this structure a core framework in the given molecule?
US20160194369A1,<IMG> Does this structure represent a core molecular scaffold?
US20160234567A1,<IMG> Does this molecule have a core-like structural framework?
US20160235678A1,<IMG> Does this molecule have the characteristics of a core structure?
US20160243212A1,<IMG> Does this molecule have a core-like structure?
US20160244489A1,<IMG> Does this molecule serve as a core framework in larger compounds?
US20160263102A1,<IMG> Is this molecule considered a core structure?
US20160263103A1,<IMG> Is this molecular structure considered a core framework?
US20160263105A1,<IMG> Is this compound a core structure?
US20160263106A1,<IMG> Is this molecule a core structure in medicinal chemistry?
US20160263107A1,<IMG> Is this molecule a core structure based on its image?
US20160263111A1,<IMG> Is this molecule considered a core structure?
US20160263119A1,<IMG> Does this molecular structure qualify as a core framework?
US20160263122A1,<IMG> Does this molecule represent a fundamental core structure?
US20160263127A1,<IMG> Does this molecule represent a core structure in the given image?
US20160263129A1,<IMG> Is this molecular structure considered a core framework?
US20160263130A1,<IMG> Examine this compound's structure and determine whether it represents a core framework.
US20160263141A1,<IMG> Does this molecule represent a core framework?
US20160263149A1,<IMG> Does this structure represent a core molecular framework?
US20160263178A1,<IMG> Is this molecule considered a core structure?
US20160263182A1,<IMG> Does this molecule represent a core structure in your analysis?
US20160263191A1,<IMG> Is this molecule a core structure in drug design?
US20160263245A1,<IMG> Does this molecule represent a core framework?
US20160287506A1,<IMG> Does this molecule serve as a core framework in drug design?
US20170000987A1,<IMG> Is this compound a core structural motif?
US20170008910A1,<IMG> Is the molecule shown here considered a core structural motif?
US20170008911A1,<IMG> Is this compound a core structure in medicinal chemistry?
US20170008912A1,<IMG> Does this molecule represent a core structure?
US20170008915A1,<IMG> Does this molecule represent a core framework?
US20170008934A1,<IMG> Is this molecule shown a core structure?
US20170008945A1,<IMG> Is this molecule considered a core structure?
US20170008962A1,<IMG> Does the molecule shown here serve as a core framework?
US20170008963A1,<IMG> Is this molecule representative of a fundamental core structure?
US20170008965A1,<IMG> Does this molecule serve as a core framework in the structure?
US20170008984A1,<IMG> Does this molecule represent a core structure?
US20170008987A1,<IMG> Is this structure a core framework?
US20170008994A1,<IMG> Does this molecule represent a core structural motif?
US20170022233A1,<IMG> Is this structure a core framework in medicinal chemistry?
US20170022234A1,<IMG> Examine this molecule's structure and determine whether it qualifies as a core.
US20170022245A1,<IMG> Does the molecule shown here serve as a foundational core structure?
US20170022256A1,<IMG> Does this molecule have a core-like structure?
US20170022270A1,<IMG> Does the molecule shown here serve as a core framework?
US20170022272A1,<IMG> Is this molecule considered a core structure?
US20170022274A1,<IMG> Does this molecule serve as a core framework in the structure?
US20170022275A1,<IMG> Does this molecule represent a core structure in the image?
US20170022276A1,<IMG> Does this structure represent a molecular core?
US20170022278A1,<IMG> Does this molecule represent a fundamental core framework?
US20170022282A1,<IMG> Is this compound a core structure?
US20170022284A1,<IMG> Is this molecule shown a core scaffold in its class?
US20170022287A1,<IMG> Does the structure shown here serve as a core framework?
US20170022289A1,<IMG> Does this molecule depicted in the image represent a core framework?
US20170022291A1,<IMG> Is this molecule shown a core structure in the image?
US20170022292A1,<IMG> Does this molecule have a core-like structure?
US20170022293A1,<IMG> Does this molecule qualify as a core structure?
US20170022294A1,<IMG> Does this structure represent a core molecular scaffold?
US20170022295A1,<IMG> Does this molecule serve as a core framework in drug design?
US20170022298A1,<IMG> Does this molecular structure represent a core framework?
US20170029552A1,<IMG> Is this molecule shown here a core structural framework?
US20170035641A1,<IMG> Is this molecule shown a fundamental core structure?
US20170042878A1,<IMG> Does this molecule shown in the image qualify as a core structure?
US20170042882A1,<IMG> Is the molecule shown here considered a core structure?
US20170042895A1,<IMG> Is this molecule considered a core structure?
US20170080013A1,Does the molecule shown in <IMG> represent a core structure?
US20170080056A1,<IMG> Does this molecule qualify as a core structure?
US20170080098A1,<IMG> Is this structure considered a core framework?
US20170095413A1,<IMG> Does this molecular image depict a core structure?
US20170095418A1,<IMG> Is the molecule shown here a core structure?
US20170095419A1,<IMG> Does this molecule represent a core framework?
US20170095423A1,<IMG> Is this structure a core framework in the molecule?
US20170095532A1,<IMG> Is this compound a core structure in drug design?
US20170112345A1,<IMG> Is this structure considered a core framework?
US20170119876A1,<IMG> Is this molecule considered a core scaffold in drug design?
US20170119882A1,<IMG> Is this molecule considered a core structure?
US20170123456A1,<IMG> Does this structure represent a core scaffold in drug design?
US20170145321A1,<IMG> Does the molecule shown here serve as a core framework?
US20170216204A1,<IMG> Does the molecule shown here serve as a core framework?
US20170216233A1,<IMG> Is this molecule representative of a core scaffold in drug design?
US20170216234A1,<IMG> Is this molecular structure considered a core framework?
US20170216289A1,<IMG> Is this structure a molecular core framework?
US20170216296A1,<IMG> Is this structure a core framework in the molecule?
US20170216326A1,<IMG> Does this molecule have a core-like structure?
US20170224732A1,<IMG> Does this molecule serve as a core framework in the structure?
US20170252345A1,<IMG> Does this molecule have a core-like structure?
US20170266132A1,<IMG> Is this compound a core structure?
US20170266177A1,<IMG> Does this molecule represent a core framework?
US20170333418A1,<IMG> Does this molecule serve as a core framework?
US20170333456A1,<IMG> Does this molecule qualify as a core structure?
US20170360841A1,<IMG> Does this molecule represent a core framework?
US20170360848A1,<IMG> Is this molecule a core structure based on the image?
US20180012345A1,<IMG> Is this molecule considered a core structure in its class?
US20180015104A1,<IMG> Does this molecule have the characteristics of a core structure?
US20180015112A1,<IMG> Is this molecule representative of a core scaffold in drug design?
US20180015115A1,<IMG> Does this molecular image depict a core scaffold?
US20180015121A1,<IMG> Is this molecule considered a core structure in its chemical class?
US20180015123A1,<IMG> Does this molecule represent a core framework?
US20180015125A1,<IMG> Is this compound a core structure?
US20180015129A1,<IMG> Is this molecule a core structure based on its image?
US20180015139A1,<IMG> Does this molecular structure represent a core pharmacophore?
US20180015141A1,<IMG> Does this molecular structure represent a core pharmacophore?
US20180015145A1,<IMG> Is this molecule shown here a core structure?
US20180015156A1,<IMG> Does this molecule have a core-like structure?
US20180015199A1,<IMG> Does this molecule have a core-like structure?
US20180021345A1,<IMG> Does this structure represent a core molecular scaffold?
US20180028642A1,Does the molecule shown in <IMG> represent a core structure?
US20180034567A1,<IMG> Examine the molecule shown and determine whether it represents a core structure.
US20180110790A1,<IMG> Does this structure represent a core molecular scaffold?
US20180125805A1,<IMG> Does this molecule represent a fundamental core structure?
US20180125876A1,<IMG> Does this molecule exhibit a core-like structure?
US20180125891A1,<IMG> Is this molecule considered a core structure?
US20180125894A1,<IMG> Does this molecular image depict a core structure?
US20180125898A1,<IMG> Does this molecule serve as a core framework in the structure?
US20180134791A1,<IMG> Does this molecule have a core-like structure?
US20180147245A1,<IMG> Is this compound a core structure?
US20180147258A1,<IMG> Does this molecule qualify as a core structure?
US20180207177A1,<IMG> Is this molecule considered a core structure?
US20180214405A1,<IMG> Does this molecule represent a core structure when analyzed?
US20180214431A1,<IMG> Does this structure represent a core molecular scaffold?
US20180221345A1,<IMG> Is this molecule considered a core structure?
US20180221363A1,<IMG> Does this molecule represent a fundamental core structure?
US20180221366A1,<IMG> Does this molecule serve as a core framework in drug design?
US20180243210A1,Does this molecule <IMG> represent a core structure?
US20180243241A1,<IMG> Does this molecule have a core-like structure?
US20180243256A1,<IMG> Is this molecule shown a fundamental core structure?
US20180243258A1,<IMG> Is this molecule considered a core structure?
US20180243271A1,<IMG> Is this molecule considered a core structure?
US20180250261A1,<IMG> Does this molecule represent a fundamental core structure?
US20180250275A1,<IMG> Does this molecule serve as a core framework in drug design?
US20180312567A1,<IMG> Could this molecule be considered a core structure?
US20180318225A1,<IMG> Examine this compound and determine whether it represents a core structure.
US20180327411A1,<IMG> Is this molecular structure a core framework?
US20180327496A1,<IMG> Examine this compound's structure and determine if it qualifies as a core structure.
US20180344678A1,<IMG> Does this molecular image represent a core scaffold?
US20190008941A1,<IMG> Does this molecular image depict a core structure?
US20190015432A1,<IMG> Does this image depict a core molecular scaffold?
US20190015447A1,<IMG> Is this molecule considered a core structure in medicinal chemistry?
US20190015467A1,<IMG> Is this molecule considered a core structure?
US20190015469A1,<IMG> Does this molecule represent a core framework?
US20190015484A1,<IMG> Is this structure considered a core framework?
US20190015512A1,<IMG> Is this molecule considered a core structure?
US20190022145A1,<IMG> Does this molecular structure qualify as a core scaffold?
US20190022183A1,<IMG> Examine this compound structureâ€”does it qualify as a core?
US20190022233A1,<IMG> Does this molecule have a core structure based on its arrangement?
US20190022234A1,<IMG> Does this molecule exhibit the characteristics of a core structure?
US20190022241A1,<IMG> Does this molecule qualify as a core structure?
US20190022245A1,<IMG> Is this molecule considered a core structure?
US20190022247A1,<IMG> Is this molecule shown here considered a core structure?
US20190022248A1,<IMG> Does this molecular image show a core structure?
US20190022256A1,<IMG> Is this molecule considered a core structure?
US20190022281A1,<IMG> Does this molecular image depict a core structure?
US20190022284A1,<IMG> Is this structure considered a core framework?
US20190022289A1,<IMG> Is the depicted molecule a core structure?
US20190022291A1,<IMG> Does this molecule serve as a core framework in its structure?
US20190022345A1,<IMG> Does this structure represent a molecular core?
US20190030045A1,<IMG> Is the molecule shown here considered a core structure?
US20190030145A1,<IMG> Does this molecule serve as a core framework in the structure?
US20190038614A1,<IMG> Does this structure represent a molecular core?
US20190038615A1,<IMG> Does this molecule represent a core framework?
US20190038624A1,<IMG> Does this molecular image represent a core structure?
US20190038642A1,<IMG> Does this molecule represent a fundamental core structure?
US20190038645A1,<IMG> Does this molecule represent a core structure?
US20190038672A1,<IMG> Does this molecule represent a core scaffold?
US20190056789A1,<IMG> Does this molecule have a core-like structure?
US20190060567A1,<IMG> Is this molecule a core structure based on its image?
US20190112345A1,<IMG> Does this molecule qualify as a core structure?
US20190125741A1,<IMG> Is this compound a core structural motif?
US20190125775A1,<IMG> Does this molecule qualify as a core structure?
US20190125783A1,<IMG> Is this molecule considered a core structure?
US20190125788A1,<IMG> Does this molecular image depict a core structure?
US20190125789A1,<IMG> Is this molecule shown in the image considered a core structure?
US20190125793A1,<IMG> Is this structure a core framework in the molecule?
US20190125794A1,<IMG> Is this molecule considered a core structure?
US20190125799A1,<IMG> Is this molecule depicted here considered a core structure?
US20190125885A1,<IMG> Does this molecule represent a core framework?
US20190134012A1,<IMG> Is this molecule considered a core structure?
US20190142876A1,<IMG> Does this molecule serve as a core framework in drug design?
US20190151294A1,<IMG> Is this molecular structure a core framework?
US20190151309A1,<IMG> Is this structure considered a molecular core?
US20190151350A1,<IMG> Is this molecule shown a core scaffold?
US20190151399A1,<IMG> Does this molecule exhibit a core structure based on its molecular framework?
US20190216819A1,Does the molecule shown in <IMG> qualify as a core structure?
US20190216832A1,<IMG> Does this molecular image depict a core structure?
US20190233456A1,<IMG> Is this molecule shown a core structure?
US20190233765A1,<IMG> Is this molecule shown a core structure?
US20190234567A1,<IMG> Is this molecule considered a core structure?
US20190255001A1,<IMG> Does this molecule represent a core framework?
US20190255012A1,<IMG> Is this molecule a core structure in the depicted compound?
US20190255231A1,<IMG> Does this molecule represent a core framework?
US20190262231A1,<IMG> Is this molecule considered a core structure?
US20190262321A1,<IMG> Is this molecule considered a core structure?
US20190262351A1,<IMG> Is this structure a core framework of a larger compound?
US20190262391A1,<IMG> Does this molecule represent a core structural motif?
US20190262394A1,<IMG> Does this image show a core molecular framework?
US20190262395A1,Is this <IMG> molecule a core structure?
US20190262399A1,<IMG> Does this molecule represent a core structure in the given context?
US20190282613A1,<IMG> Does this molecule represent a core framework?
US20190282614A1,<IMG> Does this molecular image depict a core structure?
US20190282615A1,<IMG> Is this molecule considered a core structure?
US20190282633A1,<IMG> Does this molecule have the characteristics of a core structure?
US20190282634A1,<IMG> Does this molecule represent a core framework?
US20190282639A1,<IMG> Does this molecule represent a core framework?
US20190282645A1,<IMG> Does this molecular structure serve as a foundational core?
US20190282674A1,<IMG> Does this molecule represent a core structure?
US20190282691A1,<IMG> Does this molecule represent a core framework?
US20190290678A1,<IMG> Is this compound a core structure?
US20190290842A1,<IMG> Is this molecule shown a core structure?
US20190290872A1,<IMG> Does this molecule represent a core framework?
US20190290876A1,<IMG> Does this molecular image represent a core structure?
US20190292234A1,<IMG> Is this structure a core framework in the molecule?
US20190314356A1,<IMG> Does this structure represent a core molecular framework?
US20190321456A1,<IMG> Does this molecule serve as a core framework in a larger structure?
US20190343776A1,<IMG> Is this depicted molecule considered a core structure?
US20190343804A1,<IMG> Does this molecular image depict a core structure?
US20190343807A1,<IMG> Does this molecule serve as a core framework in the structure?
US20190343809A1,<IMG> Is this structure considered a core framework?
US20190343821A1,<IMG> Does the molecule shown here serve as a fundamental core structure?
US20190343829A1,<IMG> Is this molecule considered a core structure?
US20190343836A1,<IMG> Does this molecule serve as a core framework in the image?
US20190343850A1,<IMG> Does this molecule have a core-like structure?
US20190343861A1,<IMG> Does this molecule represent a core structure in drug design?
US20190343874A1,<IMG> Does this molecule represent a core structure?
US20190343881A1,<IMG> Is the molecule shown here considered a core structure?
US20190343882A1,<IMG> Does this molecular image depict a core structure?
US20190351023A1,<IMG> Does this molecule represent a core scaffold?
US20190375892A1,<IMG> Examine this molecule and determine whether it serves as a core structure.
US20200016214A1,<IMG> Does this molecular image represent a core structure?
US20200016249A1,<IMG> Does this molecule exhibit the characteristics of a core structure?
US20200016263A1,<IMG> Does this molecule serve as a core framework in drug design?
US20200016281A1,<IMG> Does this molecule represent a core framework?
US20200016284A1,<IMG> Is this compound's framework considered a core structure?
US20200016285A1,<IMG> Is this structure considered a molecular core?
US20200016287A1,<IMG> Does this structure represent a core scaffold in drug design?
US20200030456A1,Does the molecule shown in <IMG> qualify as a core structure?
US20200038448A1,<IMG> Does this molecular image represent a core scaffold?
US20200040056A1,<IMG> Is this compound considered a core structure?
US20200040091A1,<IMG> Does this molecular structure represent a core scaffold?
US20200078901A1,<IMG> Does this molecule represent a core scaffold?
US20200138947A1,Does the molecule shown in <IMG> qualify as a core structure?
US20200138969A1,<IMG> Is this molecule considered a core structure?
US20200138987A1,<IMG> Examine this molecule and determine whether it qualifies as a core structure.
US20200230218A1,<IMG> Does this molecule have the characteristics of a core structure?
US20200254007A1,<IMG> Does this molecule have a core-like structure?
US20200254012A1,<IMG> Is the molecule shown here considered a core structure?
US20200254052A1,<IMG> Does this molecule have the characteristics of a core structure?
US20200254088A1,<IMG> Does this structure represent a molecular core?
US20210002359A1,<IMG> Does this structure represent a core molecular framework?
US20210002391A1,<IMG> Is this molecule shown a core structure?
US20210052321A1,<IMG> Does this molecule represent a core framework?
US20210077321A1,<IMG> Is the molecule shown a core structure?
US20210077345A1,<IMG> Does this molecule have the characteristics of a core structure?
US20210123456A1,<IMG> Does this molecule serve as a core framework in drug design?
US20210228671A1,<IMG> Does this molecule represent a fundamental core structure?
US20220054321A1,<IMG> Does this molecular image depict a core structure?
US3210987B2,<IMG> Is this molecule shown a core structure?
US3210987G1,<IMG> Does this molecule represent a core framework?
US6543210A1,<IMG> Does this molecule represent a core structure in the given image?
US6543210E1,<IMG> Is this molecule shown in the image a core structure?
US7654321B2,<IMG> Is this molecular structure considered a core framework?
US7654321D1,<IMG> Is this molecule a core structure in drug design?
US7890123B2,<IMG> Is this molecule shown a fundamental core structure?
US8765432A1,<IMG> Does this molecule represent a fundamental core structure?
US8765432B1,<IMG> Is this molecule considered a core structure?
US8765432B2,<IMG> Is this structure a core framework in the molecule?
US8765432C1,<IMG> Is the molecule shown here considered a core structure?
US8765432C2,<IMG> Does this molecule serve as a core framework in the structure?
US8765432D1,<IMG> Does this structure represent a core scaffold in drug design?
US9874563B2,<IMG> Does this molecular image depict a core scaffold?
US9876543B2,<IMG> Does this molecular image depict a core structure?
US9876543C1,<IMG> Examine this molecule and determine whether it qualifies as a core structure.
US9876543D2,<IMG> Is this molecule a core structure?
WO2010107569A1,<IMG> Is this structure considered a core framework?
WO2010107569A2,<IMG> Is this molecule considered a core structure in medicinal chemistry?
WO2013177228A1,<IMG> Does this molecule have a core-like structure?
WO2014144766A1,<IMG> Does this molecule represent a core structure?
WO2014151624A1,<IMG> Is this molecule shown here a core structure?
WO2014159867A1,<IMG> Is this molecule considered a core structure?
WO2014160705A1,<IMG> Does this molecule represent a core structure?
WO2014165136A1,<IMG> Does this molecule represent a core structure?
WO2014197632A1,<IMG> Does this molecule represent a core structure?
WO2014197643A1,Does <IMG> represent a core structure in medicinal chemistry?
WO2015100345A1,<IMG> Does this molecule represent a core scaffold?
WO2015100421A1,<IMG> Does this molecular image represent a core scaffold?
WO2015100423A1,<IMG> Is this molecule considered a core structure in medicinal chemistry?
WO2015100426A1,<IMG> Does this molecule have the characteristics of a core structure?
WO2015103456A1,<IMG> Is this structure considered a core framework in medicinal chemistry?
WO2015116723A1,<IMG> Does this molecule have a core-like structure?
WO2015120123A1,<IMG> Does this molecule represent a core scaffold?
WO2015120278A1,<IMG> Does this molecule represent a core scaffold structure?
WO2015121234A1,<IMG> Does this molecule qualify as a core scaffold?
WO2015123367A1,<IMG> Does this molecular image show a core structure?
WO2015123456A1,<IMG> Does this molecule represent a core scaffold for drug design?
WO2015123486A1,<IMG> Does the molecule shown here serve as a core framework?
WO2015127235A1,<IMG> Is this molecule considered a core structure?
WO2015127236A1,<IMG> Is this compound a core structure?
WO2015161052A1,<IMG> Does this molecule represent a core structure?
WO2015168072A1,Does the structure shown in <IMG> represent a core framework?
WO2016011055A1,<IMG> Does this molecule represent a core scaffold?
WO2016014567A1,<IMG> Does this molecule represent a core structure?
WO2016014569A1,<IMG> Does this molecule have a core-like structural framework?
WO2016073456A1,<IMG> Is this molecule considered a core structure?
WO2016106175A1,<IMG> Does this molecule represent a core structure?
WO2016109532A1,<IMG> Does this molecule represent a core framework?
WO2016154422A1,<IMG> Is this molecule considered a core structure?
WO2016172287A1,<IMG> Does this molecule represent a fundamental core framework?
WO2016172589A1,<IMG> Does this molecule represent a core structure?
WO2016176659A1,<IMG> Is this molecule considered a core scaffold in drug design?
WO2016183175A1,<IMG> Is this molecular structure considered a core framework?
WO2016187232A1,<IMG> Does this molecule serve as a core framework in the structure?
WO2016187234A1,<IMG> Is this molecule considered a core structure?
WO2016187235A1,<IMG> Does this molecule represent a core structural motif?
WO2016187238A1,<IMG> Does this molecule exhibit characteristics of a core structure?
WO2016191425A1,<IMG> Does this molecular image show a core structure?
WO2017040386A1,<IMG> Does this molecular image depict a core structure?
WO2017040678A1,<IMG> Is this molecule a core structure in medicinal chemistry?
WO2017040790A1,<IMG> Is this molecule considered a core structure?
WO2017040798A1,<IMG> Is this molecule considered a core structure?
WO2017040821A1,<IMG> Does this molecule have a core-like structure?
WO2017044462A1,<IMG> Is the molecule shown here considered a core structure?
WO2017044567A1,<IMG> Does this molecule represent a fundamental core scaffold?
WO2017064321A1,<IMG> Does this molecule represent a core structure?
WO2017066178A1,<IMG> Does this molecule have a core-like structure?
WO2017066221A1,<IMG> Does this molecule qualify as a core structure?
WO2017066321A1,<IMG> Does this molecule represent a fundamental core structure?
WO2017066482A1,<IMG> Is this compound a core structure?
WO2017066489A1,<IMG> Does this molecule represent a core structure?
WO2017087563A1,<IMG> Is this molecular structure representative of a core framework?
WO2017105678A1,<IMG> Does this molecule have the characteristics of a core structure?
WO2017106023A1,<IMG> Does this molecule represent a core framework?
WO2017117423A1,<IMG> Is this molecule considered a core structure?
WO2017120123A1,<IMG> Does this molecule serve as a core framework in its structure?
WO2017120456A1,<IMG> Does this molecule serve as a core framework in drug design?
WO2017123456A1,<IMG> Does this structure represent a core molecular scaffold?
WO2017127561A1,<IMG> Is this molecule a core structure in medicinal chemistry?
WO2017127754A1,<IMG> Is this molecule considered a core structure?
WO2017132309A1,<IMG> Does this molecule represent a core scaffold?
WO2017136543A1,<IMG> Does this molecule represent a core framework?
WO2017136548A1,<IMG> Does this molecule represent a core structure?
WO2017151782A1,<IMG> Does the molecule shown here serve as a core framework?
WO2017151789A1,<IMG> Is this structure considered a core framework?
WO2017154321A1,<IMG> Is this molecule considered a core structure?
WO2017156228A1,<IMG> Does this molecule represent a fundamental core structure?
WO2017156234A1,<IMG> Does this molecule represent a core scaffold?
WO2017156253A1,<IMG> Does this molecule represent a core framework?
WO2017157654A1,<IMG> Does this molecule represent a core framework?
WO2017157890A1,<IMG> Does this molecule represent a core framework?
WO2017161067A1,<IMG> Is this molecule considered a core structure?
WO2017161116A1,<IMG> Does this molecule represent a core structural motif?
WO2017161178A1,<IMG> Does this molecule represent a core framework?
WO2017161202A1,<IMG> Does this molecule have a core-like structure?
WO2017161206A1,<IMG> Is the molecule shown here considered a core structure?
WO2017161234A1,<IMG> Does this molecule's framework resemble a core structure?
WO2017165732A1,<IMG> Does this molecule represent a core structural framework?
WO2017165734A1,<IMG> Does this molecule represent a core framework?
WO2017165738A1,<IMG> Does this molecule represent a core framework?
WO2017165834A1,<IMG> Does this molecule represent a core framework?
WO2017165867A1,<IMG> Does this molecule serve as a core framework in larger structures?
WO2017181132A1,<IMG> Is this compound a core structure?
WO2017184765A1,<IMG> Does this molecule represent a core structure?
WO2017189765A1,<IMG> Does this molecule have the characteristics of a core structure?
WO2017192345A1,<IMG> Does this molecule exhibit the characteristics of a core structure?
WO2017192587A1,<IMG> Does this molecule represent a fundamental core scaffold?
WO2017194567A1,<IMG> Does this molecule serve as a core framework in its structure?
WO2017197023A1,<IMG> Is this molecule considered a core structure?
WO2017201073A1,<IMG> Does this molecule serve as a core framework?
WO2017201079A1,<IMG> Does this molecule represent a core structural motif?
WO2017201089A1,<IMG> Does this molecule have a core-like structure?
WO2017201234A1,<IMG> Does this molecule represent a core framework?
WO2017205678A1,<IMG> Does this molecule represent a fundamental core structure?
WO2017210447A1,<IMG> Is the molecule shown here considered a core structure?
WO2017234567A1,<IMG> Is this structure a core framework of a larger molecule?
WO2017456789A1,<IMG> Does this molecular image depict a core structure?
WO2018005401A1,<IMG> Examine this compound and determine whether it represents a core structure.
WO2018011234A1,<IMG> Does this molecular image depict a core structure?
WO2018013852A1,<IMG> Does this molecule represent a core structure?
WO2018013892A1,<IMG> Is this molecule depicted here considered a core structure?
WO2018015432A1,<IMG> Does this molecule represent a core scaffold?
WO2018017753A1,<IMG> Is this molecule shown a core structure?
WO2018017890A1,<IMG> Does this molecular image depict a core structure?
WO2018022867A1,<IMG> Does this molecule represent a core framework?
WO2018051234A1,<IMG> Does this molecule have a core-like structure?
WO2018053270A1,<IMG> Does this molecular image show a core structure?
WO2018053276A1,Does this molecular image <IMG> represent a core scaffold?
WO2018053476A1,<IMG> Is this molecule depicted here considered a core structure?
WO2018056789A1,<IMG> Does this molecule have a core-like structure?
WO2018067812A1,<IMG> Does this molecule represent a core framework?
WO2018106789A1,<IMG> Is this molecule shown in the image a core structure?
WO2018112345A1,<IMG> Is this molecule considered a core structure?
WO2018119355A1,<IMG> Is this molecule considered a core scaffold in drug design?
WO2018123456A1,<IMG> Is this structure a core framework of a compound?
WO2018125945A1,<IMG> Is the molecule shown here considered a core structure?
WO2018127890A1,<IMG> Does this molecule represent a core structure?
WO2018127896A1,<IMG> Does the molecule shown represent a core scaffold?
WO2018129285A1,<IMG> Is this molecule considered a core structure?
WO2018129287A1,<IMG> Is this molecule shown in the image a core structure?
WO2018129326A1,<IMG> Is this molecule considered a core structure?
WO2018129356A1,<IMG> Does this molecule represent a core framework?
WO2018129357A1,<IMG> Does this molecule serve as a core framework in its structure?
WO2018129358A1,<IMG> Does this molecule's framework resemble a core structure?
WO2018129375A1,<IMG> Is this molecule considered a core structure?
WO2018129385A1,<IMG> Does this molecule serve as a core framework in drug design?
WO2018129387A1,Does the molecule shown in <IMG> represent a core structure?
WO2018129389A1,Does the molecule shown in <IMG> represent a core structure?
WO2018129395A1,<IMG> Is this molecule considered a core structure?
WO2018144567A1,<IMG> Does this molecule exhibit the characteristics of a core structure?
WO2018154321A1,<IMG> Is the molecule shown here considered a core structure?
WO2018156421A1,<IMG> Does the molecule shown here serve as a core framework?
WO2018156789A1,<IMG> Does this molecule serve as a core framework?
WO2018175889A1,<IMG> Is this molecule considered a core structure?
WO2018195385A1,<IMG> Is the molecule shown a core structural motif?
WO2018226789A1,<IMG> Does this molecule exhibit the characteristics of a core structure?
WO2018765432A1,<IMG> Does this molecule serve as a core framework in its structure?
WO2019014345A1,<IMG> Is this molecule considered a core structure in drug design?
WO2019014567A1,<IMG> Is this compound a core structure?
WO2019060473A1,<IMG> Does this molecule qualify as a core structure?
WO2019060543A1,<IMG> Is this molecule considered a core structure?
WO2019074882A1,<IMG> Does this molecule serve as a core framework in the structure?
WO2019101234A1,<IMG> Is this molecule considered a core structure?
WO2019102345A1,<IMG> Is this structure considered a core framework in medicinal chemistry?
WO2019104075A1,<IMG> Is the molecule shown here considered a core structure?
WO2019104123A1,<IMG> Does this structure represent a molecular core?
WO2019108765A1,<IMG> Does this molecule represent a core structure?
WO2019113456A1,<IMG> Is this molecule a core structure in the given context?
WO2019118526A1,<IMG> Is this compound a core structure?
WO2019118532A1,<IMG> Is this molecule a core structure in the given image?
WO2019118823A1,<IMG> Does this molecule represent a core framework?
WO2019118932A1,<IMG> Is this molecule considered a core structure?
WO2019118934A1,<IMG> Does this molecule qualify as a core structure?
WO2019123456A1,<IMG> Does this molecule represent a core framework?
WO2019133736A1,<IMG> Is this molecule a core structure?
WO2019133829A1,<IMG> Is this structure considered a core framework?
WO2019133865A1,<IMG> Does this molecule represent a core framework?
WO2019136112A1,<IMG> Does this molecule represent a fundamental core framework?
WO2019136135A1,<IMG> Does this molecule represent a core framework?
WO2019136200A1,<IMG> Is this molecule considered a core structure?
WO2019136234A1,<IMG> Does this molecule have a core-like structure?
WO2019136235A1,<IMG> Is this molecular structure a core framework?
WO2019136237A1,<IMG> Does this molecule have the characteristics of a core structure?
WO2019136254A1,Does this molecular image <IMG> represent a core structure?
WO2019136278A1,<IMG> Does this molecule represent a fundamental core scaffold?
WO2019136281A1,<IMG> Is this molecule shown a core structure?
WO2019136288A1,<IMG> Is this molecule considered a core structure?
WO2019136335A1,<IMG> Does this molecule represent a core structure based on its image?
WO2019136345A1,<IMG> Does this molecule represent a core structural motif?
WO2019136412A1,<IMG> Is this molecule a core scaffold?
WO2019136415A1,<IMG> Is this compound a core structure in medicinal chemistry?
WO2019136417A1,<IMG> Does this molecular image depict a core structure?
WO2019136437A1,<IMG> Does the molecule shown here serve as a core framework?
WO2019137832A1,<IMG> Does this image show a core structural motif?
WO2019139876A1,<IMG> Is this compound a core structure in medicinal chemistry?
WO2019139927A1,<IMG> Does this molecule represent a core structural motif?
WO2019139987A1,<IMG> Does this molecule serve as a core framework in larger compounds?
WO2019140256A1,<IMG> Is this molecule considered a core structure?
WO2019145678A1,<IMG> Examine this molecule and determine whether it qualifies as a core structure.
WO2019152345A1,<IMG> Is this molecule shown here a core structure?
WO2019152663A1,<IMG> Does this molecule serve as a core framework in the structure?
WO2019156782A1,<IMG> Is the molecule shown here considered a core structure?
WO2019156789A1,<IMG> Is the molecule shown here considered a core structure?
WO2019156982A1,<IMG> Is this molecular structure considered a core framework?
WO2019156987A1,<IMG> Is this molecule representative of a core pharmacophore structure?
WO2019157103A1,<IMG> Does this molecule exhibit a core-like structure?
WO2019157215A1,<IMG> Is this molecule a core structure in medicinal chemistry?
WO2019157234A1,<IMG> Does this molecule represent a core framework in the structure?
WO2019157423A1,<IMG> Does this molecule have the characteristics of a core structure?
WO2019164567A1,<IMG> Is this molecule considered a core structure?
WO2019168887A1,<IMG> Examine this molecule and determine whether it represents a core structure.
WO2019213456A1,<IMG> Does this molecule have a core-like structure?
WO2019213476A1,<IMG> Does this molecule represent a core framework?
WO2019217412A1,<IMG> Does this molecule serve as a core framework in the structure?
WO2019217453A1,<IMG> Is this molecule considered a core structure?
WO2019232145A1,<IMG> Does this molecule qualify as a core structure?
WO2019234567A1,<IMG> Does this molecule have a core-like structure?
WO2020010256A1,<IMG> Does this molecular image show a core structure?
WO2020012345A1,<IMG> Does this molecule represent a core structure?
WO2020014467A1,<IMG> Is this molecule shown a core structure?
WO2020014567A1,<IMG> Is this molecule considered a core structure?
WO2020018473A1,Does the molecule shown in <IMG> represent a core structure?
WO2020023456A1,<IMG> Is this structure a core framework of a larger compound?
WO2020023567A1,Does this molecular image <IMG> depict a core structure?
WO2020051234A1,<IMG> Is the molecule shown here considered a core structure?
WO2020051362A1,<IMG> Is this molecule shown a core structure?
WO2020051423A1,<IMG> Does this molecule serve as a core framework in its structure?
WO2020055678A1,<IMG> Does this molecular structure represent a core scaffold?
WO2020055823A1,<IMG> Does this molecule represent a core framework?
WO2020055987A1,<IMG> Does this molecule's structure resemble a core scaffold?
WO2020056112A1,<IMG> Does this molecule serve as a core framework?
WO2020056789A1,<IMG> Is this molecule a core structure in medicinal chemistry?
WO2020061356A1,<IMG> Does this molecule represent a core framework?
WO2020072768A1,<IMG> Does this molecule represent a core framework?
WO2020072789A1,<IMG> Does this molecule represent a core structure?
WO2020076789A1,<IMG> Is this structure considered a core scaffold in drug design?
WO2020098765A1,<IMG> Does this molecule serve as a core framework in drug design?
WO2020106789A1,<IMG> Is this molecule depicted here considered a core structure?
WO2020106825A1,<IMG> Is this molecule shown a core structure?
WO2020112234A1,<IMG> Is this molecule considered a core structure?
WO2020112921A1,<IMG> Does this molecule serve as a core framework in drug design?
WO2020112927A1,<IMG> Does this molecule serve as a core framework in drug design?
WO2020112987A1,<IMG> Does this molecule have a core-like structure?
WO2020115587A1,<IMG> Does this molecule serve as a core framework?
WO2020117890A1,<IMG> Is this structure a core framework of a compound?
WO2020117978A1,<IMG> Does the depicted molecule serve as a core framework?
WO2020117983A1,<IMG> Does this molecule serve as a core framework?
WO2020117987A1,<IMG> Examine this chemical structure and determine whether it qualifies as a core scaffold.
WO2020118025A1,<IMG> Is this molecule considered a core structure?
WO2020118256A1,<IMG> Does this molecule serve as a core framework in the structure?
WO2020119876A1,<IMG> Is this molecule considered a core structure?
WO2020123456A1,<IMG> Is the depicted molecule a core structure in this context?
WO2020123784A1,<IMG> Does this molecule represent a core structural motif?
WO2020139912A1,<IMG> Is this molecular structure a core scaffold in medicinal chemistry?
WO2020139988A1,<IMG> Does this molecular structure serve as a core framework?
WO2020150321A1,<IMG> Does this molecular image depict a core structure?
WO2020150341A1,Does the molecule shown in <IMG> represent a core scaffold?
WO2020150356A1,<IMG> Does this molecule represent a core scaffold?
WO2020150432A1,<IMG> Does this molecule represent a core structure in the image?
WO2020154321A1,<IMG> Does this molecule represent a core framework?
WO2020160219A1,<IMG> Is this molecule's structure considered a core framework?
WO2020163501A1,<IMG> Does this molecule represent a core structure based on the image?
WO2020231987A1,<IMG> Does this molecule represent a core structure?
WO2020232145A1,<IMG> Does this molecular image represent a core structure?
WO2020234567A1,<IMG> Is this molecule considered a core structure?
WO2020236789A1,<IMG> Does this image show a core molecular framework?
WO2020252204A1,<IMG> Is this molecule considered a core scaffold?
WO2020252321A1,<IMG> Is this compound a core structure?
WO2020987654A1,<IMG> Does this molecule represent a core structure?
WO2021001234A1,<IMG> Is this molecule considered a core structure?
WO2021003245A1,Does the molecule shown in <IMG> represent a core scaffold?
WO2021007321A1,<IMG> Is the depicted molecule a core scaffold?
WO2021007654A1,<IMG> Is this molecule considered a core structure?
WO2021011122A1,<IMG> Is this molecule shown a core structure?
WO2021011123A1,<IMG> Is the molecule shown here considered a core structure?
WO2021011234A1,<IMG> Does the molecule shown here represent a core framework?
WO2021011345A1,<IMG> Does the depicted molecule serve as a core framework in this structure?
WO2021011425A1,Does the molecule shown in <IMG> represent a core structure?
WO2021011507A1,<IMG> Is this molecule considered a core structure in drug design?
WO2021011532A1,<IMG> Is this molecule considered a core structure in drug design?
WO2021011605A1,<IMG> Is this compound a core structure in medicinal chemistry?
WO2021011789A1,<IMG> Does this molecule represent a core framework?
WO2021012345A1,<IMG> Is this molecule considered a core structure?
WO2021014567A1,<IMG> Does this molecular image depict a core structure?
WO2021015678A1,<IMG> Does this molecule represent a core structure?
WO2021016332A1,<IMG> Does this molecule serve as a core framework in drug design?
WO2021016417A1,<IMG> Does this molecule qualify as a core structure?
WO2021021789A1,<IMG> Does this molecule exhibit the characteristics of a core structure?
WO2021021906A1,<IMG> Is this compound a core structure?
WO2021023456A1,<IMG> Does this molecular image depict a core structure?
WO2021045678A1,<IMG> Does this molecule serve as a core framework in the structure?
WO2021056789A1,<IMG> Does this molecule represent a fundamental core structure?
WO2021108765A1,<IMG> Is this molecule considered a core structure?
WO2021112223A1,<IMG> Does this molecule serve as a core framework in its structure?
WO2021123456A1,<IMG> Is this molecular structure a core framework?
WO2021127890A1,<IMG> Does this molecule represent a core scaffold?
WO2021223345A1,<IMG> Is this structure a core framework of the compound?
WO2022005678A1,<IMG> Is this molecule shown a core structure?
